mse,r2
0.006284699258442828,0.808806672445467
