mse,r2
0.006394541571641058,0.8054006240059142
