mse,r2
0.006708356624904703,0.8111678397370824
