mse,r2
0.006571600387868408,0.7974376040267321
